{"stat.pickup.minecraft.rotten_flesh":1,"stat.walkOneCm":13622,"stat.killEntity.EvocationIllager":1,"stat.damageTaken":300,"stat.killEntity.Vex":1,"stat.mobKills":5,"stat.pickup.minecraft.emerald":1,"stat.entityKilledBy.Vex":1,"stat.drop.minecraft.red_flower":1,"stat.flyOneCm":30612,"stat.deaths":1,"stat.drop":1,"stat.swimOneCm":168,"stat.jump":69,"stat.playOneMinute":7191,"stat.pickup.minecraft.red_flower":1,"stat.sneakTime":60,"stat.damageDealt":1159,"stat.crouchOneCm":172,"stat.useItem.minecraftbyexample.my_tool_registry_name":6,"stat.killEntity.Zombie":1,"stat.timeSinceDeath":264,"stat.killEntity.VindicationIllager":2,"stat.sprintOneCm":10334,"stat.useItem.minecraft.spawn_egg":19,"stat.useItem.minecraft.stone_slab2":1,"stat.mineBlock.minecraft.tallgrass":4,"stat.diveOneCm":152}