{"stat.pickup.minecraft.rotten_flesh":8,"stat.killEntity.Skeleton":1,"stat.walkOneCm":28433,"stat.drop.minecraft.diamond_chestplate":1,"stat.pickup.minecraftbyexample.my_boots_registry_name":3,"stat.drop.minecraft.rotten_flesh":2,"stat.leaveGame":1,"stat.damageTaken":255,"stat.killEntity.Spider":1,"stat.mobKills":14,"stat.killEntity.Creeper":5,"stat.drop.minecraftbyexample.my_tool_registry_name":7,"stat.flyOneCm":68632,"stat.deaths":3,"stat.drop.minecraftbyexample.my_helmet_registry_name":2,"stat.drop":17,"stat.jump":144,"stat.swimOneCm":2247,"stat.playOneMinute":11345,"stat.fallOneCm":209,"stat.pickup.minecraftbyexample.my_leggings_registry_name":5,"stat.sneakTime":116,"stat.drop.minecraftbyexample.my_leggings_registry_name":3,"stat.damageDealt":2770,"stat.pickup.minecraftbyexample.my_tool_registry_name":6,"stat.pickup.minecraft.gunpowder":4,"stat.pickup.minecraftbyexample.my_helmet_registry_name":4,"stat.crouchOneCm":167,"stat.killEntity.Zombie":7,"stat.useItem.minecraftbyexample.my_tool_registry_name":12,"stat.timeSinceDeath":5516,"stat.drop.minecraft.diamond_leggings":1,"stat.sprintOneCm":13014,"stat.useItem.minecraft.spawn_egg":56,"stat.useItem.minecraft.stone_slab2":1,"stat.drop.minecraftbyexample.my_boots_registry_name":1,"stat.pickup.minecraft.bow":1,"stat.mineBlock.minecraft.tallgrass":11,"stat.diveOneCm":158}