{"stat.walkOneCm":18581,"stat.pickup.minecraft.bone":2,"stat.pickup.minecraftbyexample.my_boots_registry_name":1,"stat.pickup.minecraft.arrow":2,"stat.damageTaken":1530,"stat.mobKills":2,"stat.pickup.minecraft.diamond_leggings":1,"stat.killEntity.Poggers Zombie":2,"stat.drop.minecraftbyexample.my_tool_registry_name":3,"stat.flyOneCm":24937,"stat.deaths":3,"stat.pickup.minecraft.wheat_seeds":8,"stat.drop":8,"stat.jump":69,"stat.swimOneCm":1661,"stat.playOneMinute":9554,"stat.fallOneCm":418,"stat.drop.minecraft.wheat_seeds":5,"stat.sneakTime":947,"stat.entityKilledBy.Skeleton":3,"stat.damageDealt":500,"stat.pickup.minecraftbyexample.my_tool_registry_name":1,"stat.crouchOneCm":1652,"stat.pickup.minecraftbyexample.my_helmet_registry_name":1,"stat.timeSinceDeath":6838,"stat.sprintOneCm":7006,"stat.useItem.minecraft.stone_slab2":48,"stat.useItem.minecraft.spawn_egg":102,"stat.mineBlock.minecraft.tallgrass":31,"stat.diveOneCm":315}